Supplier,Total_Orders,Total_Revenue,Delivered_Orders,Cancelled_Orders,Avg_Delivery_Delay,Avg_Defect_Rate,Compliance_Rate,Delivery_Rate_%,Cancellation_Rate_%,Norm_Cancellation,Norm_Defect,Norm_Delay,Norm_Compliance_Risk,Risk_Score,Risk_Category
Beta_Supplies,146,9287647.540000001,100,14,11.23,0.08420438259537592,0.7602739726027398,68.4931506849315,9.58904109589041,0.8263969992168286,0.7397074476354354,1.0,0.5846493808515665,0.8118632187624838,High Risk
Delta_Logistics,154,8473519.43,103,16,10.271844660194175,0.10786042190431665,0.6038961038961039,66.88311688311688,10.38961038961039,0.9566882465578556,1.0,0.27783088903524017,1.0,0.8042986085540595,High Risk
Alpha_Inc,122,6824285.06,88,13,10.715909090909092,0.01697791645403322,0.9344262295081968,72.1311475409836,10.655737704918032,1.0,0.0,0.612525694582588,0.12208873636882733,0.5214447341009711,Medium Risk
Epsilon_Group,153,9245885.32,107,14,10.485981308411215,0.02592384265541586,0.9803921568627451,69.93464052287581,9.15032679738562,0.754997017195377,0.09843397425125389,0.4392273416179841,0.0,0.39866428498569145,Low Risk
Gamma_Co,133,8137749.5,93,6,9.903225806451612,0.04475202863330721,0.849624060150376,69.92481203007519,4.511278195488721,0.0,0.3056046049970267,0.0,0.34732926330028646,0.12850054074429965,Low Risk
