Supplier	Total_Orders	Total_Revenue	Delivered_Orders	Cancelled_Orders	Avg_Delivery_Delay	Avg_Defect_Rate	Compliance_Rate	Delivery_Rate_%	Cancellation_Rate_%	Norm_Cancellation	Norm_Defect	Norm_Delay	Norm_Compliance_Risk	Risk_Score	Risk_Category
Beta_Supplies	146	9287647.54	100	14	11.23	0.084204383	0.760273973	68.49315068	9.589041096	0.826396999	0.739707448	1	0.584649381	0.811863219	High Risk
Delta_Logistics	154	8473519.43	103	16	10.27184466	0.107860422	0.603896104	66.88311688	10.38961039	0.956688247	1	0.277830889	1	0.804298609	High Risk
Alpha_Inc	122	6824285.06	88	13	10.71590909	0.016977916	0.93442623	72.13114754	10.6557377	1	0	0.612525695	0.122088736	0.521444734	Medium Risk
Epsilon_Group	153	9245885.32	107	14	10.48598131	0.025923843	0.980392157	69.93464052	9.150326797	0.754997017	0.098433974	0.439227342	0	0.398664285	Low Risk
Gamma_Co	133	8137749.5	93	6	9.903225806	0.044752029	0.84962406	69.92481203	4.511278195	0	0.305604605	0	0.347329263	0.128500541	Low Risk
